keywords,weights
confidenti,2
restrict,2
respons,1
password,2
secur,2
correct,-1
updat,-1
person,2
inform,2
busi,-1
right,1
access,2
privaci,2
data,2
strict,1
law,1
regul,1
transfer,2
onlin,-1
platform,-1
facilit,1
transact,2
bipartit,1
contract,1
condit,1
limit,-1
consent,-1
resal,-1
commerci,-1
product,-1
deriv,-1
account,1
extract,-1
reproduct,-1
distribut,-1
frame,-1
meta,-1
hidden,1
termin,1
licens,1
content,1
includ,-1
protect,1
copyright,2
compil,2
softwar,-1
properti,-1
systemat,-1
robot,-1
publish,-1
databas,1
electron,-1
record,2
comput,1
system,1
technolog,-1
act,-1
guidelin,-1
domain,1
owner,2
term,2
oblig,1
user,2
regist,2
agreement,2
polici,1
display,-1
name,-1
activ,1
truth,1
suspens,2
primari,2
identifi,2
contact,1
liabil,1
logout,1
unauthor,2
author,2
breach,2
use,-1
other,-1
app,-1
nomin,-1
fee,1
servic,1
introduc,-1
chang,-1
quot,-1
complianc,1
applic,1
year,-1
age,-1
not,-1
avail,-1
minor,-1
mislead,1
enforc,-1
insolv,1
legal,1
ident,1
verif,1
accuraci,-1
safeguard,1
govern,-1
visit,1
accept,1
membership,-1
third,1
parti,1
social,-1
network,-1
login,2
set,-1
good,1
agent,-1
creation,-1
represent,-1
imperson,-1
fals,1
phone,1
call,2
law,1
autom,1
interfer,1
delet,2
revis,1
ownership,2
proprietari,2
trademark,-1
techniqu,-1
exploit,1
extern,1
site,-1
resourc,-1
exclus,-1
revoc,-1
permiss,1
non,-1
purpos,1
interest,-1
redistribut,-1
paid,1
subscript,1
fee,1
prepaid,1
period,1
price,1
tax,1
renew,-1
cancel,1
withdraw,1
control,1
sanction,1
export,-1
prohibit,1
destin,-1
entiti,-1
feedback,-1
support,-1
complaint,1
question,-1
queri,-1
process,-1
regulatori,1
notic,1
warranti,-1
disclaim,1
file,-1
claim,-1
indemnif,-1
mandatori,1
arbitr,-1
bill,1
payment,2
download,-1
partner,-1
gateway,-1
sensit,2
involv,-1
violat,1
remedi,-1
accru,-1
prorat,1
reason,-1
reproduc,-1
retransmit,-1
patent,1
secret,2
infring,-1
promot,-1
public,-1
commun,-1
releas,-1
obscen,-1
defamatori,-1
invas,1
damag,1
defend,1
harm,2
harmless,1
loss,2
cost,1
expens,1
litig,-1
settlement,-1
devic,1
compromis,-1
local,-1
nation,-1
propos,-1
assign,-1
surviv,-1
admiss,1
proceed,-1
rule,1
court,1
request,1
perform,-1
document,1
reserv,-1
order,-1
declin,1
prior,1
suppli,-1
incorrect,1
typograph,-1
error,1
supplier,-1
refus,-1
entir,-1
promis,1
alter,-1
modifi,-1
conflict,1
cession,-1
jurisdict,2
deliveri,-1
time,1
write,1
pickup,-1
report,1
acknowledg,1
address,-1
suggest,-1
brows,-1
unilater,-1
modif,-1
amend,1
upload,-1
professin,1
conveni,-1
endors,-1
debit,2
card,2
credit,2
technic,-1
refund,2
net,1
bank,2
cod,2
cash,2
intern,-1
ship,-1
principl,-1
connect,-1
peopl,-1
analyz,1
usag,1
safeti,2
integr,1
abus,2
misus,1
global,-1
compani,-1
emerg,-1
provis,-1
registr,-1
practic,-1
collect,-1
resid,-1
interrupt,1
beneficiari,1
sever,-1
consum,1
individu,-1
trial,2
permit,1
action,1
enterpris,-1
offer,-1
relationship,-1
remov,1
improv,-1
risk,2
own,1
forum,-1
disput,1
effect,1
materi,-1
relinquish,1
civil,1
section,-1
assist,-1
univers,-1
free,-1
freedom,-1
inappropri,1
credibl,2
threat,2
harrass,2
spam,1
disabl,2
intellectu,1
purchas,2
gener,-1
plan,-1
misrepresent,1
authorship,1
devalu,1
authent,1
effort,1
plagiar,1
collabor,-1
cheat,2
fraud,2
relev,-1
discret,1
notif,-1